Estimate,class
0.883,1
0.885,1
0.81875,1
0.699,1
0.34575,0
0.821,1
0.31525,0
0.71725,1
0.779,1
0.70775,1
0.71375,1
0.68875,1
0.28725,0
0.80425,1
0.81725,1
0.8765,1
0.86,1
0.84575,1
0.75675,1
0.70725,1
0.8105,1
0.6565,1
0.60275,1
0.268,0
0.50375,1
